{
    "counter": {
        "ACTIVE": 366,
        "INACTIVE": 0,
        "INVALID": 12,
        "MALICIOUS": 0,
        "SANE": 0,
        "VALID": 0,
        "total": 378
    },
    "percentage": {
        "ACTIVE": 96.82539682539682,
        "INACTIVE": 0,
        "INVALID": 3.380281690140845,
        "MALICIOUS": 0,
        "SANE": 0,
        "VALID": 0,
        "total": 100.20567851553767
    }
}