{
    "counter": {
        "ACTIVE": 346,
        "INACTIVE": 0,
        "INVALID": 9,
        "MALICIOUS": 0,
        "SANE": 0,
        "VALID": 0,
        "total": 355
    },
    "percentage": {
        "ACTIVE": 97.46478873239437,
        "INACTIVE": 0,
        "INVALID": 2.6315789473684212,
        "MALICIOUS": 0,
        "SANE": 0,
        "VALID": 0,
        "total": 100.09636767976279
    }
}