{
    "counter": {
        "ACTIVE": 348,
        "INACTIVE": 0,
        "INVALID": 12,
        "MALICIOUS": 0,
        "SANE": 0,
        "VALID": 0,
        "total": 360
    },
    "percentage": {
        "ACTIVE": 96.66666666666667,
        "INACTIVE": 0,
        "INVALID": 3.5502958579881656,
        "MALICIOUS": 0,
        "SANE": 0,
        "VALID": 0,
        "total": 100.21696252465483
    }
}