{
    "counter": {
        "ACTIVE": 4,
        "INACTIVE": 0,
        "INVALID": 84,
        "MALICIOUS": 0,
        "SANE": 0,
        "VALID": 0,
        "total": 88
    },
    "percentage": {
        "ACTIVE": 4.545454545454546,
        "INACTIVE": 0,
        "INVALID": 96.55172413793103,
        "MALICIOUS": 0,
        "SANE": 0,
        "VALID": 0,
        "total": 101.09717868338558
    }
}