{
    "counter": {
        "ACTIVE": 696,
        "INACTIVE": 3,
        "INVALID": 0,
        "MALICIOUS": 0,
        "SANE": 0,
        "VALID": 0,
        "total": 699
    },
    "percentage": {
        "ACTIVE": 99.57081545064378,
        "INACTIVE": 0.702576112412178,
        "INVALID": 0,
        "MALICIOUS": 0,
        "SANE": 0,
        "VALID": 0,
        "total": 100.27339156305595
    }
}