{
    "counter": {
        "ACTIVE": 351,
        "INACTIVE": 0,
        "INVALID": 5,
        "MALICIOUS": 0,
        "SANE": 0,
        "VALID": 0,
        "total": 356
    },
    "percentage": {
        "ACTIVE": 98.59550561797752,
        "INACTIVE": 0,
        "INVALID": 1.4245014245014245,
        "MALICIOUS": 0,
        "SANE": 0,
        "VALID": 0,
        "total": 100.02000704247895
    }
}