{
    "counter": {
        "ACTIVE": 420,
        "INACTIVE": 0,
        "INVALID": 1,
        "MALICIOUS": 0,
        "SANE": 0,
        "VALID": 0,
        "total": 421
    },
    "percentage": {
        "ACTIVE": 99.7624703087886,
        "INACTIVE": 0,
        "INVALID": 0.3076923076923077,
        "MALICIOUS": 0,
        "SANE": 0,
        "VALID": 0,
        "total": 100.0701626164809
    }
}