{
    "counter": {
        "ACTIVE": 409,
        "INACTIVE": 1,
        "INVALID": 0,
        "MALICIOUS": 0,
        "SANE": 0,
        "VALID": 0,
        "total": 410
    },
    "percentage": {
        "ACTIVE": 99.7560975609756,
        "INACTIVE": 0.9615384615384616,
        "INVALID": 0,
        "MALICIOUS": 0,
        "SANE": 0,
        "VALID": 0,
        "total": 100.71763602251407
    }
}