{
    "counter": {
        "ACTIVE": 356,
        "INACTIVE": 0,
        "INVALID": 3,
        "MALICIOUS": 0,
        "SANE": 0,
        "VALID": 0,
        "total": 359
    },
    "percentage": {
        "ACTIVE": 99.16434540389972,
        "INACTIVE": 0,
        "INVALID": 0.8928571428571429,
        "MALICIOUS": 0,
        "SANE": 0,
        "VALID": 0,
        "total": 100.05720254675686
    }
}