{
    "counter": {
        "ACTIVE": 362,
        "INACTIVE": 1,
        "INVALID": 1,
        "MALICIOUS": 0,
        "SANE": 0,
        "VALID": 0,
        "total": 364
    },
    "percentage": {
        "ACTIVE": 99.45054945054945,
        "INACTIVE": 0.2857142857142857,
        "INVALID": 50.0,
        "MALICIOUS": 0,
        "SANE": 0,
        "VALID": 0,
        "total": 149.73626373626374
    }
}