{
    "counter": {
        "ACTIVE": 363,
        "INACTIVE": 0,
        "INVALID": 13,
        "MALICIOUS": 0,
        "SANE": 0,
        "VALID": 0,
        "total": 376
    },
    "percentage": {
        "ACTIVE": 96.54255319148936,
        "INACTIVE": 0,
        "INVALID": 3.4946236559139785,
        "MALICIOUS": 0,
        "SANE": 0,
        "VALID": 0,
        "total": 100.03717684740334
    }
}