{
    "counter": {
        "ACTIVE": 406,
        "INACTIVE": 65,
        "INVALID": 1252,
        "MALICIOUS": 0,
        "SANE": 0,
        "VALID": 0,
        "total": 1723
    },
    "percentage": {
        "ACTIVE": 24.487334137515077,
        "INACTIVE": 3.8945476333133615,
        "INVALID": 72.6639582124202,
        "MALICIOUS": 0,
        "SANE": 0,
        "VALID": 0,
        "total": 101.04583998324864
    }
}