{
    "counter": {
        "ACTIVE": 34,
        "INACTIVE": 0,
        "INVALID": 199,
        "MALICIOUS": 0,
        "SANE": 0,
        "VALID": 0,
        "total": 233
    },
    "percentage": {
        "ACTIVE": 14.655172413793103,
        "INACTIVE": 0,
        "INVALID": 85.4077253218884,
        "MALICIOUS": 0,
        "SANE": 0,
        "VALID": 0,
        "total": 100.0628977356815
    }
}