{
    "counter": {
        "ACTIVE": 342,
        "INACTIVE": 19,
        "INVALID": 3783,
        "MALICIOUS": 0,
        "SANE": 0,
        "VALID": 0,
        "total": 4144
    },
    "percentage": {
        "ACTIVE": 8.384407943123314,
        "INACTIVE": 0.46740467404674046,
        "INVALID": 91.28861003861005,
        "MALICIOUS": 0,
        "SANE": 0,
        "VALID": 0,
        "total": 100.1404226557801
    }
}