{
    "counter": {
        "ACTIVE": 354,
        "INACTIVE": 19,
        "INVALID": 4014,
        "MALICIOUS": 0,
        "SANE": 0,
        "VALID": 0,
        "total": 4387
    },
    "percentage": {
        "ACTIVE": 8.06929564622749,
        "INACTIVE": 0.46740467404674046,
        "INVALID": 91.60200821542675,
        "MALICIOUS": 0,
        "SANE": 0,
        "VALID": 0,
        "total": 100.13870853570099
    }
}