{
    "counter": {
        "ACTIVE": 701,
        "INACTIVE": 73,
        "INVALID": 2298,
        "MALICIOUS": 0,
        "SANE": 0,
        "VALID": 0,
        "total": 3072
    },
    "percentage": {
        "ACTIVE": 22.819010416666668,
        "INACTIVE": 2.4172185430463577,
        "INVALID": 82.69161568909679,
        "MALICIOUS": 0,
        "SANE": 0,
        "VALID": 0,
        "total": 107.92784464880981
    }
}