{
    "counter": {
        "ACTIVE": 359,
        "INACTIVE": 0,
        "INVALID": 2,
        "MALICIOUS": 0,
        "SANE": 0,
        "VALID": 0,
        "total": 361
    },
    "percentage": {
        "ACTIVE": 99.44598337950139,
        "INACTIVE": 0,
        "INVALID": 66.66666666666667,
        "MALICIOUS": 0,
        "SANE": 0,
        "VALID": 0,
        "total": 166.11265004616806
    }
}