{
    "counter": {
        "ACTIVE": 402,
        "INACTIVE": 1,
        "INVALID": 0,
        "MALICIOUS": 0,
        "SANE": 0,
        "VALID": 0,
        "total": 403
    },
    "percentage": {
        "ACTIVE": 99.75186104218362,
        "INACTIVE": 0.704225352112676,
        "INVALID": 0,
        "MALICIOUS": 0,
        "SANE": 0,
        "VALID": 0,
        "total": 100.45608639429629
    }
}