{
    "counter": {
        "ACTIVE": 351,
        "INACTIVE": 0,
        "INVALID": 2,
        "MALICIOUS": 0,
        "SANE": 0,
        "VALID": 0,
        "total": 353
    },
    "percentage": {
        "ACTIVE": 99.43342776203966,
        "INACTIVE": 0,
        "INVALID": 0.9009009009009009,
        "MALICIOUS": 0,
        "SANE": 0,
        "VALID": 0,
        "total": 100.33432866294056
    }
}