{
    "counter": {
        "ACTIVE": 353,
        "INACTIVE": 0,
        "INVALID": 110,
        "MALICIOUS": 0,
        "SANE": 0,
        "VALID": 0,
        "total": 463
    },
    "percentage": {
        "ACTIVE": 77.24288840262582,
        "INACTIVE": 0,
        "INVALID": 23.758099352051836,
        "MALICIOUS": 0,
        "SANE": 0,
        "VALID": 0,
        "total": 101.00098775467765
    }
}