{
    "counter": {
        "ACTIVE": 702,
        "INACTIVE": 73,
        "INVALID": 2298,
        "MALICIOUS": 0,
        "SANE": 0,
        "VALID": 0,
        "total": 3073
    },
    "percentage": {
        "ACTIVE": 22.844126260982755,
        "INACTIVE": 2.4172185430463577,
        "INVALID": 82.69161568909679,
        "MALICIOUS": 0,
        "SANE": 0,
        "VALID": 0,
        "total": 107.9529604931259
    }
}