{
    "counter": {
        "ACTIVE": 350,
        "INACTIVE": 1,
        "INVALID": 0,
        "MALICIOUS": 0,
        "SANE": 0,
        "VALID": 0,
        "total": 351
    },
    "percentage": {
        "ACTIVE": 99.71509971509971,
        "INACTIVE": 1.639344262295082,
        "INVALID": 0,
        "MALICIOUS": 0,
        "SANE": 0,
        "VALID": 0,
        "total": 101.3544439773948
    }
}