{
    "counter": {
        "ACTIVE": 352,
        "INACTIVE": 0,
        "INVALID": 6,
        "MALICIOUS": 0,
        "SANE": 0,
        "VALID": 0,
        "total": 358
    },
    "percentage": {
        "ACTIVE": 98.32402234636872,
        "INACTIVE": 0,
        "INVALID": 54.54545454545455,
        "MALICIOUS": 0,
        "SANE": 0,
        "VALID": 0,
        "total": 152.86947689182327
    }
}