{
    "counter": {
        "ACTIVE": 353,
        "INACTIVE": 0,
        "INVALID": 6,
        "MALICIOUS": 0,
        "SANE": 0,
        "VALID": 0,
        "total": 359
    },
    "percentage": {
        "ACTIVE": 98.32869080779945,
        "INACTIVE": 0,
        "INVALID": 54.54545454545455,
        "MALICIOUS": 0,
        "SANE": 0,
        "VALID": 0,
        "total": 152.874145353254
    }
}