{
    "counter": {
        "Dynadot LLC": 1,
        "NameCheap, Inc.": 6,
        "Namecheap, Inc.": 2,
        "Web Commerce Communications Limited dba WebNic.cc": 2,
        "total": 11
    },
    "percentage": {
        "Dynadot LLC": 9.090909090909092,
        "NameCheap, Inc.": 54.54545454545455,
        "Namecheap, Inc.": 18.181818181818183,
        "Web Commerce Communications Limited dba WebNic.cc": 18.181818181818183,
        "total": 100.00000000000001
    }
}