{
    "counter": {
        "NameCheap, Inc.": 1,
        "ResellerCamp": 1,
        "URL Solutions Inc.": 1,
        "total": 3
    },
    "percentage": {
        "NameCheap, Inc.": 33.333333333333336,
        "ResellerCamp": 33.333333333333336,
        "URL Solutions Inc.": 33.333333333333336,
        "total": 100.0
    }
}