{
    "counter": {
        "Gname 040 Inc": 1,
        "GoDaddy.com, LLC": 2,
        "Jagat Informasi Solusi (int)": 1,
        "NameSilo, LLC": 1,
        "PDR Ltd": 1,
        "Top Pick Names LLC": 1,
        "Tucows Domains Inc.": 1,
        "TurnCommerce, Inc. DBA NameBright.com": 2,
        "URL Solutions, Inc.": 1,
        "eNom, LLC": 1,
        "total": 12
    },
    "percentage": {
        "Gname 040 Inc": 8.333333333333334,
        "GoDaddy.com, LLC": 16.666666666666668,
        "Jagat Informasi Solusi (int)": 8.333333333333334,
        "NameSilo, LLC": 8.333333333333334,
        "PDR Ltd": 8.333333333333334,
        "Top Pick Names LLC": 8.333333333333334,
        "Tucows Domains Inc.": 8.333333333333334,
        "TurnCommerce, Inc. DBA NameBright.com": 16.666666666666668,
        "URL Solutions, Inc.": 8.333333333333334,
        "eNom, LLC": 8.333333333333334,
        "total": 100.0
    }
}