{
    "counter": {
        "101domain GRS Limited": 2,
        "CBN Registrar": 2,
        "CV. Rumahweb Indonesia": 2,
        "Danesco Trading Ltd.": 2,
        "Domainraker.net LLC": 2,
        "Dynadot Inc": 2,
        "GoDaddy.com, LLC": 6,
        "Google LLC": 2,
        "Hostinger, UAB": 2,
        "Jagat Informasi Solusi (int)": 2,
        "Name.com, Inc.": 2,
        "NameCheap, Inc.": 8,
        "Namecheap": 2,
        "PT Aksara Data Digital": 2,
        "REGISTRAR OF DOMAIN NAMES REG.RU LLC": 4,
        "Tucows Domains Inc.": 2,
        "URL Solutions Inc.": 6,
        "URL Solutions, Inc.": 4,
        "total": 54
    },
    "percentage": {
        "101domain GRS Limited": 3.7037037037037037,
        "CBN Registrar": 3.7037037037037037,
        "CV. Rumahweb Indonesia": 3.7037037037037037,
        "Danesco Trading Ltd.": 3.7037037037037037,
        "Domainraker.net LLC": 3.7037037037037037,
        "Dynadot Inc": 3.7037037037037037,
        "GoDaddy.com, LLC": 11.11111111111111,
        "Google LLC": 3.7037037037037037,
        "Hostinger, UAB": 3.7037037037037037,
        "Jagat Informasi Solusi (int)": 3.7037037037037037,
        "Name.com, Inc.": 3.7037037037037037,
        "NameCheap, Inc.": 14.814814814814815,
        "Namecheap": 3.7037037037037037,
        "PT Aksara Data Digital": 3.7037037037037037,
        "REGISTRAR OF DOMAIN NAMES REG.RU LLC": 7.407407407407407,
        "Tucows Domains Inc.": 3.7037037037037037,
        "URL Solutions Inc.": 11.11111111111111,
        "URL Solutions, Inc.": 7.407407407407407,
        "total": 100.0
    }
}