{
    "counter": {
        "DYNADOT, LLC": 1,
        "Dynadot, LLC": 1,
        "Firstround Names LLC": 1,
        "GoDaddy.com, LLC": 2,
        "Jagat Informasi Solusi (int)": 1,
        "Name.com, Inc.": 5,
        "NameCheap, Inc.": 2,
        "total": 13
    },
    "percentage": {
        "DYNADOT, LLC": 7.6923076923076925,
        "Dynadot, LLC": 7.6923076923076925,
        "Firstround Names LLC": 7.6923076923076925,
        "GoDaddy.com, LLC": 15.384615384615385,
        "Jagat Informasi Solusi (int)": 7.6923076923076925,
        "Name.com, Inc.": 38.46153846153846,
        "NameCheap, Inc.": 15.384615384615385,
        "total": 100.0
    }
}