{
    "counter": {
        "Alibaba Cloud Computing Ltd. d/b/a HiChina (www.net.cn)": 2,
        "Amazon Registrar, Inc.": 2,
        "DYNADOT, LLC": 6,
        "Digital Registra": 2,
        "Dynadot LLC": 4,
        "Dynadot, LLC": 2,
        "Go Daddy, LLC": 2,
        "GoDaddy.com, LLC": 4,
        "MYNIC Berhad": 2,
        "Name.com, Inc.": 2,
        "NameCheap, Inc.": 12,
        "NameSilo, LLC": 4,
        "Namecheap": 8,
        "PDR Ltd": 2,
        "Porkbun LLC": 2,
        "Registrar of Domain Names REG.RU, LLC": 2,
        "Registrasi Neva Angkasa": 4,
        "ResellerCamp": 4,
        "Sav.com, LLC - 45": 2,
        "TLD Registrar Solutions Ltd.": 2,
        "URL Solutions Inc.": 2,
        "URL Solutions, Inc.": 6,
        "eNom, LLC": 4,
        "total": 82
    },
    "percentage": {
        "Alibaba Cloud Computing Ltd. d/b/a HiChina (www.net.cn)": 2.4390243902439024,
        "Amazon Registrar, Inc.": 2.4390243902439024,
        "DYNADOT, LLC": 7.317073170731708,
        "Digital Registra": 2.4390243902439024,
        "Dynadot LLC": 4.878048780487805,
        "Dynadot, LLC": 2.4390243902439024,
        "Go Daddy, LLC": 2.4390243902439024,
        "GoDaddy.com, LLC": 4.878048780487805,
        "MYNIC Berhad": 2.4390243902439024,
        "Name.com, Inc.": 2.4390243902439024,
        "NameCheap, Inc.": 14.634146341463415,
        "NameSilo, LLC": 4.878048780487805,
        "Namecheap": 9.75609756097561,
        "PDR Ltd": 2.4390243902439024,
        "Porkbun LLC": 2.4390243902439024,
        "Registrar of Domain Names REG.RU, LLC": 2.4390243902439024,
        "Registrasi Neva Angkasa": 4.878048780487805,
        "ResellerCamp": 4.878048780487805,
        "Sav.com, LLC - 45": 2.4390243902439024,
        "TLD Registrar Solutions Ltd.": 2.4390243902439024,
        "URL Solutions Inc.": 2.4390243902439024,
        "URL Solutions, Inc.": 7.317073170731708,
        "eNom, LLC": 4.878048780487805,
        "total": 99.99999999999997
    }
}