{
    "counter": {
        "Above.com Pty Ltd.": 2,
        "MYNIC Berhad": 2,
        "NameCheap, Inc.": 4,
        "URL Solutions, Inc.": 6,
        "total": 14
    },
    "percentage": {
        "Above.com Pty Ltd.": 14.285714285714286,
        "MYNIC Berhad": 14.285714285714286,
        "NameCheap, Inc.": 28.571428571428573,
        "URL Solutions, Inc.": 42.857142857142854,
        "total": 100.0
    }
}