{
    "counter": {
        "Dynadot Inc": 2,
        "GoDaddy.com, LLC": 2,
        "NameCheap, Inc.": 4,
        "Tucows Domains Inc.": 2,
        "URL Solutions, Inc.": 4,
        "total": 14
    },
    "percentage": {
        "Dynadot Inc": 14.285714285714286,
        "GoDaddy.com, LLC": 14.285714285714286,
        "NameCheap, Inc.": 28.571428571428573,
        "Tucows Domains Inc.": 14.285714285714286,
        "URL Solutions, Inc.": 28.571428571428573,
        "total": 100.0
    }
}